Epoch: [0][0/23], lr: 0.00100	Time 9.058 (9.058)	Data 3.188 (3.188)	Loss 1.2513 (1.2513)	Prec@1 12.500 (12.500)
Test: [0/6]	Time 3.464 (3.464)	Loss 1.1013 (1.1013)	Prec@1 12.500 (12.500)
Testing Results: Prec@1 23.913 Loss 1.10739 
Best Prec@1: 0.000
Epoch: [1][0/23], lr: 0.00100	Time 4.149 (4.149)	Data 3.325 (3.325)	Loss 1.0866 (1.0866)	Prec@1 75.000 (75.000)
Test: [0/6]	Time 3.383 (3.383)	Loss 1.1156 (1.1156)	Prec@1 12.500 (12.500)
Testing Results: Prec@1 23.913 Loss 1.14883 
Best Prec@1: 23.913
Epoch: [2][0/23], lr: 0.00100	Time 4.334 (4.334)	Data 3.573 (3.573)	Loss 1.0366 (1.0366)	Prec@1 62.500 (62.500)
Test: [0/6]	Time 3.294 (3.294)	Loss 1.2289 (1.2289)	Prec@1 12.500 (12.500)
Testing Results: Prec@1 23.913 Loss 1.23917 
Best Prec@1: 23.913
Epoch: [3][0/23], lr: 0.00100	Time 5.355 (5.355)	Data 3.876 (3.876)	Loss 1.0527 (1.0527)	Prec@1 37.500 (37.500)
Test: [0/6]	Time 4.868 (4.868)	Loss 1.2902 (1.2902)	Prec@1 12.500 (12.500)
Testing Results: Prec@1 23.913 Loss 1.32592 
Best Prec@1: 23.913
Epoch: [4][0/23], lr: 0.00100	Time 4.812 (4.812)	Data 3.646 (3.646)	Loss 1.3459 (1.3459)	Prec@1 12.500 (12.500)
Test: [0/6]	Time 4.114 (4.114)	Loss 1.1818 (1.1818)	Prec@1 12.500 (12.500)
Testing Results: Prec@1 23.913 Loss 1.27983 
Best Prec@1: 23.913
Epoch: [5][0/23], lr: 0.00100	Time 4.866 (4.866)	Data 3.736 (3.736)	Loss 1.1853 (1.1853)	Prec@1 50.000 (50.000)
Test: [0/6]	Time 4.176 (4.176)	Loss 1.1216 (1.1216)	Prec@1 12.500 (12.500)
Testing Results: Prec@1 23.913 Loss 1.21652 
Best Prec@1: 23.913
Epoch: [6][0/23], lr: 0.00100	Time 4.844 (4.844)	Data 3.720 (3.720)	Loss 0.9954 (0.9954)	Prec@1 62.500 (62.500)
Test: [0/6]	Time 4.604 (4.604)	Loss 1.1289 (1.1289)	Prec@1 12.500 (12.500)
Testing Results: Prec@1 23.913 Loss 1.17966 
Best Prec@1: 23.913
Epoch: [7][0/23], lr: 0.00100	Time 4.962 (4.962)	Data 3.838 (3.838)	Loss 1.0866 (1.0866)	Prec@1 37.500 (37.500)
Test: [0/6]	Time 4.050 (4.050)	Loss 1.1249 (1.1249)	Prec@1 12.500 (12.500)
Testing Results: Prec@1 23.913 Loss 1.15126 
Best Prec@1: 23.913
Epoch: [8][0/23], lr: 0.00100	Time 4.964 (4.964)	Data 3.837 (3.837)	Loss 1.0967 (1.0967)	Prec@1 37.500 (37.500)
Test: [0/6]	Time 4.101 (4.101)	Loss 1.1265 (1.1265)	Prec@1 12.500 (12.500)
Testing Results: Prec@1 23.913 Loss 1.12297 
Best Prec@1: 23.913
Epoch: [9][0/23], lr: 0.00100	Time 4.899 (4.899)	Data 3.807 (3.807)	Loss 1.1351 (1.1351)	Prec@1 37.500 (37.500)
Test: [0/6]	Time 4.059 (4.059)	Loss 1.1266 (1.1266)	Prec@1 12.500 (12.500)
Testing Results: Prec@1 23.913 Loss 1.09209 
Best Prec@1: 23.913
Epoch: [10][0/23], lr: 0.00100	Time 4.662 (4.662)	Data 3.560 (3.560)	Loss 1.0814 (1.0814)	Prec@1 25.000 (25.000)
Test: [0/6]	Time 4.114 (4.114)	Loss 1.1140 (1.1140)	Prec@1 37.500 (37.500)
Testing Results: Prec@1 41.304 Loss 1.06022 
Best Prec@1: 23.913
Epoch: [11][0/23], lr: 0.00100	Time 4.812 (4.812)	Data 3.706 (3.706)	Loss 1.0597 (1.0597)	Prec@1 25.000 (25.000)
Test: [0/6]	Time 4.125 (4.125)	Loss 1.1108 (1.1108)	Prec@1 25.000 (25.000)
Testing Results: Prec@1 39.130 Loss 1.04655 
Best Prec@1: 41.304
Epoch: [12][0/23], lr: 0.00100	Time 4.575 (4.575)	Data 3.494 (3.494)	Loss 1.1007 (1.1007)	Prec@1 37.500 (37.500)
Test: [0/6]	Time 4.017 (4.017)	Loss 1.1097 (1.1097)	Prec@1 25.000 (25.000)
Testing Results: Prec@1 39.130 Loss 1.03840 
Best Prec@1: 41.304
Epoch: [13][0/23], lr: 0.00100	Time 4.781 (4.781)	Data 3.687 (3.687)	Loss 1.1879 (1.1879)	Prec@1 12.500 (12.500)
Test: [0/6]	Time 4.189 (4.189)	Loss 1.0139 (1.0139)	Prec@1 37.500 (37.500)
Testing Results: Prec@1 43.478 Loss 1.00041 
Best Prec@1: 41.304
Epoch: [14][0/23], lr: 0.00100	Time 4.649 (4.649)	Data 3.531 (3.531)	Loss 1.1175 (1.1175)	Prec@1 12.500 (12.500)
Test: [0/6]	Time 4.278 (4.278)	Loss 0.9289 (0.9289)	Prec@1 87.500 (87.500)
Testing Results: Prec@1 69.565 Loss 0.98595 
Best Prec@1: 43.478
Epoch: [15][0/23], lr: 0.00100	Time 4.666 (4.666)	Data 3.500 (3.500)	Loss 1.0436 (1.0436)	Prec@1 37.500 (37.500)
Test: [0/6]	Time 4.267 (4.267)	Loss 0.8593 (0.8593)	Prec@1 62.500 (62.500)
Testing Results: Prec@1 36.957 Loss 1.01002 
Best Prec@1: 69.565
Epoch: [16][0/23], lr: 0.00100	Time 5.127 (5.127)	Data 3.650 (3.650)	Loss 0.9055 (0.9055)	Prec@1 62.500 (62.500)
Test: [0/6]	Time 3.914 (3.914)	Loss 0.8406 (0.8406)	Prec@1 62.500 (62.500)
Testing Results: Prec@1 36.957 Loss 1.11231 
Best Prec@1: 69.565
Epoch: [17][0/23], lr: 0.00100	Time 5.302 (5.302)	Data 3.814 (3.814)	Loss 0.9679 (0.9679)	Prec@1 50.000 (50.000)
Test: [0/6]	Time 4.238 (4.238)	Loss 0.8694 (0.8694)	Prec@1 62.500 (62.500)
Testing Results: Prec@1 36.957 Loss 1.23069 
Best Prec@1: 69.565
Epoch: [18][0/23], lr: 0.00100	Time 4.722 (4.722)	Data 3.610 (3.610)	Loss 1.1243 (1.1243)	Prec@1 37.500 (37.500)
Test: [0/6]	Time 4.122 (4.122)	Loss 0.8685 (0.8685)	Prec@1 62.500 (62.500)
Testing Results: Prec@1 36.957 Loss 1.23576 
Best Prec@1: 69.565
Epoch: [19][0/23], lr: 0.00100	Time 4.664 (4.664)	Data 3.586 (3.586)	Loss 1.2685 (1.2685)	Prec@1 37.500 (37.500)
Test: [0/6]	Time 4.669 (4.669)	Loss 0.8189 (0.8189)	Prec@1 62.500 (62.500)
Testing Results: Prec@1 36.957 Loss 1.12864 
Best Prec@1: 69.565
Epoch: [20][0/23], lr: 0.00100	Time 4.811 (4.811)	Data 3.648 (3.648)	Loss 1.5851 (1.5851)	Prec@1 12.500 (12.500)
Test: [0/6]	Time 4.225 (4.225)	Loss 0.8212 (0.8212)	Prec@1 62.500 (62.500)
Testing Results: Prec@1 39.130 Loss 0.98331 
Best Prec@1: 69.565
Epoch: [21][0/23], lr: 0.00100	Time 4.870 (4.870)	Data 3.666 (3.666)	Loss 0.9894 (0.9894)	Prec@1 50.000 (50.000)
Test: [0/6]	Time 4.406 (4.406)	Loss 0.9062 (0.9062)	Prec@1 100.000 (100.000)
Testing Results: Prec@1 78.261 Loss 0.96965 
Best Prec@1: 69.565
Epoch: [22][0/23], lr: 0.00100	Time 4.908 (4.908)	Data 3.729 (3.729)	Loss 0.9979 (0.9979)	Prec@1 62.500 (62.500)
Test: [0/6]	Time 4.357 (4.357)	Loss 1.0177 (1.0177)	Prec@1 62.500 (62.500)
Testing Results: Prec@1 52.174 Loss 1.00555 
Best Prec@1: 78.261
Epoch: [23][0/23], lr: 0.00100	Time 5.197 (5.197)	Data 4.056 (4.056)	Loss 1.0616 (1.0616)	Prec@1 37.500 (37.500)
Test: [0/6]	Time 4.319 (4.319)	Loss 1.0680 (1.0680)	Prec@1 25.000 (25.000)
Testing Results: Prec@1 39.130 Loss 1.02079 
Best Prec@1: 78.261
Epoch: [24][0/23], lr: 0.00100	Time 4.889 (4.889)	Data 3.749 (3.749)	Loss 0.9816 (0.9816)	Prec@1 37.500 (37.500)
Test: [0/6]	Time 4.136 (4.136)	Loss 1.0990 (1.0990)	Prec@1 25.000 (25.000)
Testing Results: Prec@1 39.130 Loss 1.03760 
Best Prec@1: 78.261
Epoch: [25][0/23], lr: 0.00100	Time 5.174 (5.174)	Data 4.040 (4.040)	Loss 1.0038 (1.0038)	Prec@1 37.500 (37.500)
Test: [0/6]	Time 4.703 (4.703)	Loss 1.1222 (1.1222)	Prec@1 25.000 (25.000)
Testing Results: Prec@1 39.130 Loss 1.05284 
Best Prec@1: 78.261
Epoch: [26][0/23], lr: 0.00100	Time 5.117 (5.117)	Data 3.899 (3.899)	Loss 0.9795 (0.9795)	Prec@1 75.000 (75.000)
Test: [0/6]	Time 4.487 (4.487)	Loss 1.1316 (1.1316)	Prec@1 25.000 (25.000)
Testing Results: Prec@1 39.130 Loss 1.05498 
Best Prec@1: 78.261
Epoch: [27][0/23], lr: 0.00100	Time 5.145 (5.145)	Data 4.021 (4.021)	Loss 1.1044 (1.1044)	Prec@1 37.500 (37.500)
Test: [0/6]	Time 4.232 (4.232)	Loss 1.0917 (1.0917)	Prec@1 25.000 (25.000)
Testing Results: Prec@1 30.435 Loss 1.04337 
Best Prec@1: 78.261
Epoch: [28][0/23], lr: 0.00100	Time 4.692 (4.692)	Data 3.581 (3.581)	Loss 1.0442 (1.0442)	Prec@1 37.500 (37.500)
Test: [0/6]	Time 4.179 (4.179)	Loss 1.0296 (1.0296)	Prec@1 37.500 (37.500)
Testing Results: Prec@1 39.130 Loss 1.00887 
Best Prec@1: 78.261
Epoch: [29][0/23], lr: 0.00100	Time 4.841 (4.841)	Data 3.718 (3.718)	Loss 0.9636 (0.9636)	Prec@1 50.000 (50.000)
Test: [0/6]	Time 4.308 (4.308)	Loss 0.9379 (0.9379)	Prec@1 75.000 (75.000)
Testing Results: Prec@1 65.217 Loss 0.96433 
Best Prec@1: 78.261
Epoch: [30][0/23], lr: 0.00100	Time 4.720 (4.720)	Data 3.575 (3.575)	Loss 1.0686 (1.0686)	Prec@1 50.000 (50.000)
Test: [0/6]	Time 4.212 (4.212)	Loss 0.8342 (0.8342)	Prec@1 75.000 (75.000)
Testing Results: Prec@1 65.217 Loss 0.92623 
Best Prec@1: 78.261
Epoch: [31][0/23], lr: 0.00100	Time 4.753 (4.753)	Data 3.631 (3.631)	Loss 0.9078 (0.9078)	Prec@1 75.000 (75.000)
Test: [0/6]	Time 4.258 (4.258)	Loss 0.7659 (0.7659)	Prec@1 62.500 (62.500)
Testing Results: Prec@1 63.043 Loss 0.90443 
Best Prec@1: 78.261
Epoch: [32][0/23], lr: 0.00100	Time 4.842 (4.842)	Data 3.692 (3.692)	Loss 1.0796 (1.0796)	Prec@1 25.000 (25.000)
Test: [0/6]	Time 4.149 (4.149)	Loss 0.7444 (0.7444)	Prec@1 62.500 (62.500)
Testing Results: Prec@1 54.348 Loss 0.89772 
Best Prec@1: 78.261
Epoch: [33][0/23], lr: 0.00100	Time 4.740 (4.740)	Data 3.673 (3.673)	Loss 0.9020 (0.9020)	Prec@1 50.000 (50.000)
Test: [0/6]	Time 4.308 (4.308)	Loss 0.7227 (0.7227)	Prec@1 62.500 (62.500)
Testing Results: Prec@1 52.174 Loss 0.88244 
Best Prec@1: 78.261
Epoch: [34][0/23], lr: 0.00100	Time 4.914 (4.914)	Data 3.780 (3.780)	Loss 1.0461 (1.0461)	Prec@1 50.000 (50.000)
Test: [0/6]	Time 4.206 (4.206)	Loss 0.7063 (0.7063)	Prec@1 62.500 (62.500)
Testing Results: Prec@1 50.000 Loss 0.85253 
Best Prec@1: 78.261
Epoch: [35][0/23], lr: 0.00100	Time 4.697 (4.697)	Data 3.553 (3.553)	Loss 0.8368 (0.8368)	Prec@1 62.500 (62.500)
Test: [0/6]	Time 4.232 (4.232)	Loss 0.6836 (0.6836)	Prec@1 62.500 (62.500)
Testing Results: Prec@1 47.826 Loss 0.82865 
Best Prec@1: 78.261
Epoch: [36][0/23], lr: 0.00100	Time 5.160 (5.160)	Data 4.026 (4.026)	Loss 0.9785 (0.9785)	Prec@1 50.000 (50.000)
Test: [0/6]	Time 4.206 (4.206)	Loss 0.6827 (0.6827)	Prec@1 75.000 (75.000)
Testing Results: Prec@1 54.348 Loss 0.82212 
Best Prec@1: 78.261
Epoch: [37][0/23], lr: 0.00100	Time 4.752 (4.752)	Data 3.610 (3.610)	Loss 0.8645 (0.8645)	Prec@1 62.500 (62.500)
Test: [0/6]	Time 4.319 (4.319)	Loss 0.6461 (0.6461)	Prec@1 75.000 (75.000)
Testing Results: Prec@1 54.348 Loss 0.79326 
Best Prec@1: 78.261
Epoch: [38][0/23], lr: 0.00100	Time 4.722 (4.722)	Data 3.606 (3.606)	Loss 0.9232 (0.9232)	Prec@1 25.000 (25.000)
Test: [0/6]	Time 4.274 (4.274)	Loss 0.6067 (0.6067)	Prec@1 75.000 (75.000)
Testing Results: Prec@1 63.043 Loss 0.73888 
Best Prec@1: 78.261
Epoch: [39][0/23], lr: 0.00100	Time 5.070 (5.070)	Data 3.918 (3.918)	Loss 0.9221 (0.9221)	Prec@1 37.500 (37.500)
Test: [0/6]	Time 4.281 (4.281)	Loss 0.7010 (0.7010)	Prec@1 75.000 (75.000)
Testing Results: Prec@1 76.087 Loss 0.74684 
Best Prec@1: 78.261
Epoch: [40][0/23], lr: 0.00100	Time 5.313 (5.313)	Data 3.790 (3.790)	Loss 0.8949 (0.8949)	Prec@1 37.500 (37.500)
Test: [0/6]	Time 4.208 (4.208)	Loss 0.6900 (0.6900)	Prec@1 75.000 (75.000)
Testing Results: Prec@1 71.739 Loss 0.71665 
Best Prec@1: 78.261
Epoch: [41][0/23], lr: 0.00100	Time 4.857 (4.857)	Data 3.744 (3.744)	Loss 1.3015 (1.3015)	Prec@1 50.000 (50.000)
Test: [0/6]	Time 4.160 (4.160)	Loss 0.4702 (0.4702)	Prec@1 87.500 (87.500)
Testing Results: Prec@1 67.391 Loss 0.60498 
Best Prec@1: 78.261
Epoch: [42][0/23], lr: 0.00100	Time 4.802 (4.802)	Data 3.683 (3.683)	Loss 0.7618 (0.7618)	Prec@1 75.000 (75.000)
Test: [0/6]	Time 4.115 (4.115)	Loss 0.4547 (0.4547)	Prec@1 87.500 (87.500)
Testing Results: Prec@1 69.565 Loss 0.62034 
Best Prec@1: 78.261
Epoch: [43][0/23], lr: 0.00100	Time 4.785 (4.785)	Data 3.569 (3.569)	Loss 0.5858 (0.5858)	Prec@1 75.000 (75.000)
Test: [0/6]	Time 4.109 (4.109)	Loss 0.5432 (0.5432)	Prec@1 75.000 (75.000)
Testing Results: Prec@1 65.217 Loss 0.70560 
Best Prec@1: 78.261
Epoch: [44][0/23], lr: 0.00100	Time 4.457 (4.457)	Data 3.377 (3.377)	Loss 0.9448 (0.9448)	Prec@1 37.500 (37.500)
Test: [0/6]	Time 4.119 (4.119)	Loss 0.4320 (0.4320)	Prec@1 87.500 (87.500)
Testing Results: Prec@1 69.565 Loss 0.61962 
Best Prec@1: 78.261
Epoch: [45][0/23], lr: 0.00100	Time 4.785 (4.785)	Data 3.646 (3.646)	Loss 0.7006 (0.7006)	Prec@1 75.000 (75.000)
Test: [0/6]	Time 4.121 (4.121)	Loss 0.4765 (0.4765)	Prec@1 100.000 (100.000)
Testing Results: Prec@1 73.913 Loss 0.68297 
Best Prec@1: 78.261
Epoch: [46][0/23], lr: 0.00100	Time 4.365 (4.365)	Data 3.299 (3.299)	Loss 0.7184 (0.7184)	Prec@1 87.500 (87.500)
Test: [0/6]	Time 4.104 (4.104)	Loss 0.4333 (0.4333)	Prec@1 75.000 (75.000)
Testing Results: Prec@1 56.522 Loss 0.65772 
Best Prec@1: 78.261
Epoch: [47][0/23], lr: 0.00100	Time 4.806 (4.806)	Data 3.704 (3.704)	Loss 0.5870 (0.5870)	Prec@1 75.000 (75.000)
Test: [0/6]	Time 4.248 (4.248)	Loss 0.5446 (0.5446)	Prec@1 75.000 (75.000)
Testing Results: Prec@1 56.522 Loss 0.91262 
Best Prec@1: 78.261
Epoch: [48][0/23], lr: 0.00100	Time 4.643 (4.643)	Data 3.541 (3.541)	Loss 1.2440 (1.2440)	Prec@1 50.000 (50.000)
Test: [0/6]	Time 4.279 (4.279)	Loss 0.5439 (0.5439)	Prec@1 75.000 (75.000)
Testing Results: Prec@1 56.522 Loss 0.90960 
Best Prec@1: 78.261
Epoch: [49][0/23], lr: 0.00100	Time 4.605 (4.605)	Data 3.484 (3.484)	Loss 1.2559 (1.2559)	Prec@1 50.000 (50.000)
Test: [0/6]	Time 4.138 (4.138)	Loss 0.5972 (0.5972)	Prec@1 75.000 (75.000)
Testing Results: Prec@1 56.522 Loss 0.92438 
Best Prec@1: 78.261
Epoch: [50][0/23], lr: 0.00010	Time 4.731 (4.731)	Data 3.630 (3.630)	Loss 1.0624 (1.0624)	Prec@1 50.000 (50.000)
Test: [0/6]	Time 4.246 (4.246)	Loss 0.5754 (0.5754)	Prec@1 75.000 (75.000)
Testing Results: Prec@1 56.522 Loss 0.89773 
Best Prec@1: 78.261
Epoch: [51][0/23], lr: 0.00010	Time 4.990 (4.990)	Data 3.851 (3.851)	Loss 0.8886 (0.8886)	Prec@1 50.000 (50.000)
Test: [0/6]	Time 4.325 (4.325)	Loss 0.5587 (0.5587)	Prec@1 75.000 (75.000)
Testing Results: Prec@1 56.522 Loss 0.85433 
Best Prec@1: 78.261
Epoch: [52][0/23], lr: 0.00010	Time 5.311 (5.311)	Data 4.196 (4.196)	Loss 0.9082 (0.9082)	Prec@1 37.500 (37.500)
Test: [0/6]	Time 4.248 (4.248)	Loss 0.5074 (0.5074)	Prec@1 75.000 (75.000)
Testing Results: Prec@1 56.522 Loss 0.78609 
Best Prec@1: 78.261
Epoch: [53][0/23], lr: 0.00010	Time 4.991 (4.991)	Data 3.789 (3.789)	Loss 1.1052 (1.1052)	Prec@1 50.000 (50.000)
Test: [0/6]	Time 3.938 (3.938)	Loss 0.4906 (0.4906)	Prec@1 75.000 (75.000)
Testing Results: Prec@1 56.522 Loss 0.72626 
Best Prec@1: 78.261
Epoch: [54][0/23], lr: 0.00010	Time 4.800 (4.800)	Data 3.387 (3.387)	Loss 0.8719 (0.8719)	Prec@1 62.500 (62.500)
Test: [0/6]	Time 3.837 (3.837)	Loss 0.4521 (0.4521)	Prec@1 75.000 (75.000)
Testing Results: Prec@1 56.522 Loss 0.67864 
Best Prec@1: 78.261
Epoch: [55][0/23], lr: 0.00010	Time 4.750 (4.750)	Data 3.635 (3.635)	Loss 0.3736 (0.3736)	Prec@1 87.500 (87.500)
Test: [0/6]	Time 4.259 (4.259)	Loss 0.4325 (0.4325)	Prec@1 75.000 (75.000)
Testing Results: Prec@1 58.696 Loss 0.63545 
Best Prec@1: 78.261
Epoch: [56][0/23], lr: 0.00010	Time 4.741 (4.741)	Data 3.612 (3.612)	Loss 0.6032 (0.6032)	Prec@1 75.000 (75.000)
Test: [0/6]	Time 4.094 (4.094)	Loss 0.4146 (0.4146)	Prec@1 75.000 (75.000)
Testing Results: Prec@1 58.696 Loss 0.60904 
Best Prec@1: 78.261
Epoch: [57][0/23], lr: 0.00010	Time 4.825 (4.825)	Data 3.636 (3.636)	Loss 0.7474 (0.7474)	Prec@1 50.000 (50.000)
Test: [0/6]	Time 3.996 (3.996)	Loss 0.4108 (0.4108)	Prec@1 75.000 (75.000)
Testing Results: Prec@1 60.870 Loss 0.58596 
Best Prec@1: 78.261
Epoch: [58][0/23], lr: 0.00010	Time 4.628 (4.628)	Data 3.423 (3.423)	Loss 0.5610 (0.5610)	Prec@1 75.000 (75.000)
Test: [0/6]	Time 3.868 (3.868)	Loss 0.3815 (0.3815)	Prec@1 87.500 (87.500)
Testing Results: Prec@1 69.565 Loss 0.56824 
Best Prec@1: 78.261
Epoch: [59][0/23], lr: 0.00010	Time 5.131 (5.131)	Data 3.916 (3.916)	Loss 0.8660 (0.8660)	Prec@1 50.000 (50.000)
Test: [0/6]	Time 3.965 (3.965)	Loss 0.3840 (0.3840)	Prec@1 87.500 (87.500)
Testing Results: Prec@1 76.087 Loss 0.53884 
Best Prec@1: 78.261
Epoch: [60][0/23], lr: 0.00010	Time 4.659 (4.659)	Data 3.447 (3.447)	Loss 0.9020 (0.9020)	Prec@1 50.000 (50.000)
Test: [0/6]	Time 3.937 (3.937)	Loss 0.3750 (0.3750)	Prec@1 87.500 (87.500)
Testing Results: Prec@1 78.261 Loss 0.54309 
Best Prec@1: 78.261
Epoch: [61][0/23], lr: 0.00010	Time 4.952 (4.952)	Data 3.743 (3.743)	Loss 0.6174 (0.6174)	Prec@1 75.000 (75.000)
Test: [0/6]	Time 3.885 (3.885)	Loss 0.3483 (0.3483)	Prec@1 100.000 (100.000)
Testing Results: Prec@1 82.609 Loss 0.53148 
Best Prec@1: 78.261
Epoch: [62][0/23], lr: 0.00010	Time 4.770 (4.770)	Data 3.542 (3.542)	Loss 0.5349 (0.5349)	Prec@1 87.500 (87.500)
Test: [0/6]	Time 3.909 (3.909)	Loss 0.3650 (0.3650)	Prec@1 100.000 (100.000)
Testing Results: Prec@1 91.304 Loss 0.52806 
Best Prec@1: 82.609
Epoch: [63][0/23], lr: 0.00010	Time 4.884 (4.884)	Data 3.700 (3.700)	Loss 0.7479 (0.7479)	Prec@1 75.000 (75.000)
Test: [0/6]	Time 3.865 (3.865)	Loss 0.3708 (0.3708)	Prec@1 100.000 (100.000)
Testing Results: Prec@1 84.783 Loss 0.53544 
Best Prec@1: 91.304
Epoch: [64][0/23], lr: 0.00010	Time 4.375 (4.375)	Data 3.220 (3.220)	Loss 0.7866 (0.7866)	Prec@1 75.000 (75.000)
Test: [0/6]	Time 3.935 (3.935)	Loss 0.3714 (0.3714)	Prec@1 100.000 (100.000)
Testing Results: Prec@1 89.130 Loss 0.52315 
Best Prec@1: 91.304
Epoch: [65][0/23], lr: 0.00010	Time 5.230 (5.230)	Data 4.085 (4.085)	Loss 0.6124 (0.6124)	Prec@1 75.000 (75.000)
Test: [0/6]	Time 4.638 (4.638)	Loss 0.3466 (0.3466)	Prec@1 100.000 (100.000)
Testing Results: Prec@1 91.304 Loss 0.50367 
Best Prec@1: 91.304
Epoch: [66][0/23], lr: 0.00010	Time 4.984 (4.984)	Data 3.933 (3.933)	Loss 0.5018 (0.5018)	Prec@1 87.500 (87.500)
Test: [0/6]	Time 4.618 (4.618)	Loss 0.3398 (0.3398)	Prec@1 100.000 (100.000)
Testing Results: Prec@1 89.130 Loss 0.48134 
Best Prec@1: 91.304
Epoch: [67][0/23], lr: 0.00010	Time 4.966 (4.966)	Data 3.877 (3.877)	Loss 0.5592 (0.5592)	Prec@1 87.500 (87.500)
Test: [0/6]	Time 4.617 (4.617)	Loss 0.3231 (0.3231)	Prec@1 100.000 (100.000)
Testing Results: Prec@1 89.130 Loss 0.47634 
Best Prec@1: 91.304
Epoch: [68][0/23], lr: 0.00010	Time 4.709 (4.709)	Data 3.604 (3.604)	Loss 0.6941 (0.6941)	Prec@1 50.000 (50.000)
Test: [0/6]	Time 5.199 (5.199)	Loss 0.3326 (0.3326)	Prec@1 87.500 (87.500)
Testing Results: Prec@1 86.957 Loss 0.46031 
Best Prec@1: 91.304
Epoch: [69][0/23], lr: 0.00010	Time 4.896 (4.896)	Data 3.712 (3.712)	Loss 0.5895 (0.5895)	Prec@1 87.500 (87.500)
Test: [0/6]	Time 5.201 (5.201)	Loss 0.3242 (0.3242)	Prec@1 87.500 (87.500)
Testing Results: Prec@1 89.130 Loss 0.44496 
Best Prec@1: 91.304
Epoch: [70][0/23], lr: 0.00010	Time 4.889 (4.889)	Data 3.755 (3.755)	Loss 0.5875 (0.5875)	Prec@1 75.000 (75.000)
Test: [0/6]	Time 4.620 (4.620)	Loss 0.3228 (0.3228)	Prec@1 87.500 (87.500)
Testing Results: Prec@1 89.130 Loss 0.44781 
Best Prec@1: 91.304
Epoch: [71][0/23], lr: 0.00010	Time 4.965 (4.965)	Data 3.837 (3.837)	Loss 0.6926 (0.6926)	Prec@1 75.000 (75.000)
Test: [0/6]	Time 4.783 (4.783)	Loss 0.3369 (0.3369)	Prec@1 87.500 (87.500)
Testing Results: Prec@1 86.957 Loss 0.44907 
Best Prec@1: 91.304
Epoch: [72][0/23], lr: 0.00010	Time 4.820 (4.820)	Data 3.637 (3.637)	Loss 0.4375 (0.4375)	Prec@1 75.000 (75.000)
Test: [0/6]	Time 4.872 (4.872)	Loss 0.3288 (0.3288)	Prec@1 87.500 (87.500)
Testing Results: Prec@1 86.957 Loss 0.43509 
Best Prec@1: 91.304
Epoch: [73][0/23], lr: 0.00010	Time 5.072 (5.072)	Data 3.861 (3.861)	Loss 0.5657 (0.5657)	Prec@1 75.000 (75.000)
Test: [0/6]	Time 4.565 (4.565)	Loss 0.3234 (0.3234)	Prec@1 87.500 (87.500)
Testing Results: Prec@1 86.957 Loss 0.43364 
Best Prec@1: 91.304
Epoch: [74][0/23], lr: 0.00010	Time 4.646 (4.646)	Data 3.552 (3.552)	Loss 0.7974 (0.7974)	Prec@1 75.000 (75.000)
Test: [0/6]	Time 4.683 (4.683)	Loss 0.3162 (0.3162)	Prec@1 87.500 (87.500)
Testing Results: Prec@1 86.957 Loss 0.44474 
Best Prec@1: 91.304
Epoch: [75][0/23], lr: 0.00010	Time 5.145 (5.145)	Data 4.098 (4.098)	Loss 1.2535 (1.2535)	Prec@1 50.000 (50.000)
Test: [0/6]	Time 4.852 (4.852)	Loss 0.3201 (0.3201)	Prec@1 87.500 (87.500)
Testing Results: Prec@1 89.130 Loss 0.45639 
Best Prec@1: 91.304
Epoch: [76][0/23], lr: 0.00010	Time 4.887 (4.887)	Data 3.747 (3.747)	Loss 0.8199 (0.8199)	Prec@1 62.500 (62.500)
Test: [0/6]	Time 5.162 (5.162)	Loss 0.3131 (0.3131)	Prec@1 87.500 (87.500)
Testing Results: Prec@1 86.957 Loss 0.47541 
Best Prec@1: 91.304
Epoch: [77][0/23], lr: 0.00010	Time 4.730 (4.730)	Data 3.653 (3.653)	Loss 0.9819 (0.9819)	Prec@1 37.500 (37.500)
Test: [0/6]	Time 4.506 (4.506)	Loss 0.3221 (0.3221)	Prec@1 100.000 (100.000)
Testing Results: Prec@1 89.130 Loss 0.50010 
Best Prec@1: 91.304
Epoch: [78][0/23], lr: 0.00010	Time 4.994 (4.994)	Data 3.841 (3.841)	Loss 0.4848 (0.4848)	Prec@1 100.000 (100.000)
Test: [0/6]	Time 5.487 (5.487)	Loss 0.3232 (0.3232)	Prec@1 100.000 (100.000)
Testing Results: Prec@1 86.957 Loss 0.51020 
Best Prec@1: 91.304
Epoch: [79][0/23], lr: 0.00010	Time 4.959 (4.959)	Data 3.826 (3.826)	Loss 0.9029 (0.9029)	Prec@1 37.500 (37.500)
Test: [0/6]	Time 4.244 (4.244)	Loss 0.3237 (0.3237)	Prec@1 100.000 (100.000)
Testing Results: Prec@1 84.783 Loss 0.52317 
Best Prec@1: 91.304
Epoch: [80][0/23], lr: 0.00010	Time 4.517 (4.517)	Data 3.397 (3.397)	Loss 0.4613 (0.4613)	Prec@1 87.500 (87.500)
Test: [0/6]	Time 4.213 (4.213)	Loss 0.3210 (0.3210)	Prec@1 100.000 (100.000)
Testing Results: Prec@1 89.130 Loss 0.52332 
Best Prec@1: 91.304
Epoch: [81][0/23], lr: 0.00010	Time 4.830 (4.830)	Data 3.706 (3.706)	Loss 0.4989 (0.4989)	Prec@1 87.500 (87.500)
Test: [0/6]	Time 4.170 (4.170)	Loss 0.3187 (0.3187)	Prec@1 100.000 (100.000)
Testing Results: Prec@1 89.130 Loss 0.51378 
Best Prec@1: 91.304
Epoch: [82][0/23], lr: 0.00010	Time 4.271 (4.271)	Data 3.166 (3.166)	Loss 0.6662 (0.6662)	Prec@1 75.000 (75.000)
Test: [0/6]	Time 4.279 (4.279)	Loss 0.3326 (0.3326)	Prec@1 100.000 (100.000)
Testing Results: Prec@1 93.478 Loss 0.50182 
Best Prec@1: 91.304
Epoch: [83][0/23], lr: 0.00010	Time 4.935 (4.935)	Data 3.783 (3.783)	Loss 0.4373 (0.4373)	Prec@1 62.500 (62.500)
Test: [0/6]	Time 4.299 (4.299)	Loss 0.3446 (0.3446)	Prec@1 87.500 (87.500)
Testing Results: Prec@1 91.304 Loss 0.49586 
Best Prec@1: 93.478
Epoch: [84][0/23], lr: 0.00010	Time 4.776 (4.776)	Data 3.629 (3.629)	Loss 0.5960 (0.5960)	Prec@1 62.500 (62.500)
Test: [0/6]	Time 4.184 (4.184)	Loss 0.3267 (0.3267)	Prec@1 87.500 (87.500)
Testing Results: Prec@1 91.304 Loss 0.48665 
Best Prec@1: 93.478
Epoch: [85][0/23], lr: 0.00010	Time 5.071 (5.071)	Data 3.932 (3.932)	Loss 0.7561 (0.7561)	Prec@1 50.000 (50.000)
Test: [0/6]	Time 4.196 (4.196)	Loss 0.3615 (0.3615)	Prec@1 87.500 (87.500)
Testing Results: Prec@1 91.304 Loss 0.48447 
Best Prec@1: 93.478
Epoch: [86][0/23], lr: 0.00010	Time 4.772 (4.772)	Data 3.661 (3.661)	Loss 0.6209 (0.6209)	Prec@1 75.000 (75.000)
Test: [0/6]	Time 4.136 (4.136)	Loss 0.3483 (0.3483)	Prec@1 87.500 (87.500)
Testing Results: Prec@1 91.304 Loss 0.47687 
Best Prec@1: 93.478
Epoch: [87][0/23], lr: 0.00010	Time 4.833 (4.833)	Data 3.698 (3.698)	Loss 0.4804 (0.4804)	Prec@1 87.500 (87.500)
Test: [0/6]	Time 4.288 (4.288)	Loss 0.3581 (0.3581)	Prec@1 87.500 (87.500)
Testing Results: Prec@1 91.304 Loss 0.44807 
Best Prec@1: 93.478
Epoch: [88][0/23], lr: 0.00010	Time 4.597 (4.597)	Data 3.476 (3.476)	Loss 0.3022 (0.3022)	Prec@1 87.500 (87.500)
Test: [0/6]	Time 4.243 (4.243)	Loss 0.3818 (0.3818)	Prec@1 87.500 (87.500)
Testing Results: Prec@1 93.478 Loss 0.42910 
Best Prec@1: 93.478
Epoch: [89][0/23], lr: 0.00010	Time 4.594 (4.594)	Data 3.458 (3.458)	Loss 0.5801 (0.5801)	Prec@1 75.000 (75.000)
Test: [0/6]	Time 4.329 (4.329)	Loss 0.4086 (0.4086)	Prec@1 87.500 (87.500)
Testing Results: Prec@1 93.478 Loss 0.42051 
Best Prec@1: 93.478
Epoch: [90][0/23], lr: 0.00010	Time 4.582 (4.582)	Data 3.460 (3.460)	Loss 0.6357 (0.6357)	Prec@1 87.500 (87.500)
Test: [0/6]	Time 4.260 (4.260)	Loss 0.4441 (0.4441)	Prec@1 87.500 (87.500)
Testing Results: Prec@1 91.304 Loss 0.41848 
Best Prec@1: 93.478
Epoch: [91][0/23], lr: 0.00010	Time 5.173 (5.173)	Data 3.995 (3.995)	Loss 0.8707 (0.8707)	Prec@1 62.500 (62.500)
Test: [0/6]	Time 4.184 (4.184)	Loss 0.3829 (0.3829)	Prec@1 87.500 (87.500)
Testing Results: Prec@1 93.478 Loss 0.41081 
Best Prec@1: 93.478
Epoch: [92][0/23], lr: 0.00010	Time 4.502 (4.502)	Data 3.424 (3.424)	Loss 0.3054 (0.3054)	Prec@1 87.500 (87.500)
Test: [0/6]	Time 4.210 (4.210)	Loss 0.4196 (0.4196)	Prec@1 87.500 (87.500)
Testing Results: Prec@1 93.478 Loss 0.43375 
Best Prec@1: 93.478
Epoch: [93][0/23], lr: 0.00010	Time 4.497 (4.497)	Data 3.418 (3.418)	Loss 0.6533 (0.6533)	Prec@1 62.500 (62.500)
Test: [0/6]	Time 4.168 (4.168)	Loss 0.3931 (0.3931)	Prec@1 87.500 (87.500)
Testing Results: Prec@1 89.130 Loss 0.43829 
Best Prec@1: 93.478
Epoch: [94][0/23], lr: 0.00010	Time 4.793 (4.793)	Data 3.703 (3.703)	Loss 0.5462 (0.5462)	Prec@1 62.500 (62.500)
Test: [0/6]	Time 3.921 (3.921)	Loss 0.3843 (0.3843)	Prec@1 87.500 (87.500)
Testing Results: Prec@1 89.130 Loss 0.45604 
Best Prec@1: 93.478
Epoch: [95][0/23], lr: 0.00010	Time 4.548 (4.548)	Data 3.352 (3.352)	Loss 0.4242 (0.4242)	Prec@1 87.500 (87.500)
Test: [0/6]	Time 3.919 (3.919)	Loss 0.3656 (0.3656)	Prec@1 87.500 (87.500)
Testing Results: Prec@1 82.609 Loss 0.45208 
Best Prec@1: 93.478
Epoch: [96][0/23], lr: 0.00010	Time 4.390 (4.390)	Data 3.220 (3.220)	Loss 0.2752 (0.2752)	Prec@1 100.000 (100.000)
Test: [0/6]	Time 3.920 (3.920)	Loss 0.4090 (0.4090)	Prec@1 87.500 (87.500)
Testing Results: Prec@1 84.783 Loss 0.47183 
Best Prec@1: 93.478
Epoch: [97][0/23], lr: 0.00010	Time 5.507 (5.507)	Data 3.800 (3.800)	Loss 0.8337 (0.8337)	Prec@1 75.000 (75.000)
Test: [0/6]	Time 4.359 (4.359)	Loss 0.3926 (0.3926)	Prec@1 87.500 (87.500)
Testing Results: Prec@1 86.957 Loss 0.48048 
Best Prec@1: 93.478
Epoch: [98][0/23], lr: 0.00010	Time 4.810 (4.810)	Data 3.694 (3.694)	Loss 0.3727 (0.3727)	Prec@1 100.000 (100.000)
Test: [0/6]	Time 4.799 (4.799)	Loss 0.3911 (0.3911)	Prec@1 87.500 (87.500)
Testing Results: Prec@1 82.609 Loss 0.45659 
Best Prec@1: 93.478
Epoch: [99][0/23], lr: 0.00010	Time 4.652 (4.652)	Data 3.510 (3.510)	Loss 0.4456 (0.4456)	Prec@1 87.500 (87.500)
Test: [0/6]	Time 4.401 (4.401)	Loss 0.4265 (0.4265)	Prec@1 87.500 (87.500)
Testing Results: Prec@1 93.478 Loss 0.43652 
Best Prec@1: 93.478
Epoch: [100][0/23], lr: 0.00001	Time 5.271 (5.271)	Data 3.290 (3.290)	Loss 0.7112 (0.7112)	Prec@1 62.500 (62.500)
Test: [0/6]	Time 4.058 (4.058)	Loss 0.4242 (0.4242)	Prec@1 87.500 (87.500)
Testing Results: Prec@1 93.478 Loss 0.43541 
Best Prec@1: 93.478
Epoch: [101][0/23], lr: 0.00001	Time 4.544 (4.544)	Data 3.431 (3.431)	Loss 0.9328 (0.9328)	Prec@1 62.500 (62.500)
Test: [0/6]	Time 4.299 (4.299)	Loss 0.3766 (0.3766)	Prec@1 87.500 (87.500)
Testing Results: Prec@1 89.130 Loss 0.43079 
Best Prec@1: 93.478
Epoch: [102][0/23], lr: 0.00001	Time 4.458 (4.458)	Data 3.341 (3.341)	Loss 0.5817 (0.5817)	Prec@1 50.000 (50.000)
Test: [0/6]	Time 4.742 (4.742)	Loss 0.3756 (0.3756)	Prec@1 87.500 (87.500)
Testing Results: Prec@1 93.478 Loss 0.41816 
Best Prec@1: 93.478
Epoch: [103][0/23], lr: 0.00001	Time 4.929 (4.929)	Data 3.916 (3.916)	Loss 0.9129 (0.9129)	Prec@1 62.500 (62.500)
Test: [0/6]	Time 3.692 (3.692)	Loss 0.3832 (0.3832)	Prec@1 87.500 (87.500)
Testing Results: Prec@1 93.478 Loss 0.42484 
Best Prec@1: 93.478
Epoch: [104][0/23], lr: 0.00001	Time 4.613 (4.613)	Data 3.475 (3.475)	Loss 1.2596 (1.2596)	Prec@1 37.500 (37.500)
Test: [0/6]	Time 3.726 (3.726)	Loss 0.3797 (0.3797)	Prec@1 87.500 (87.500)
Testing Results: Prec@1 91.304 Loss 0.43311 
Best Prec@1: 93.478
Epoch: [105][0/23], lr: 0.00001	Time 4.531 (4.531)	Data 3.423 (3.423)	Loss 0.4234 (0.4234)	Prec@1 87.500 (87.500)
Test: [0/6]	Time 4.316 (4.316)	Loss 0.3810 (0.3810)	Prec@1 87.500 (87.500)
Testing Results: Prec@1 93.478 Loss 0.41854 
Best Prec@1: 93.478
Epoch: [106][0/23], lr: 0.00001	Time 4.493 (4.493)	Data 3.467 (3.467)	Loss 0.6273 (0.6273)	Prec@1 50.000 (50.000)
Test: [0/6]	Time 4.561 (4.561)	Loss 0.3810 (0.3810)	Prec@1 87.500 (87.500)
Testing Results: Prec@1 93.478 Loss 0.42461 
Best Prec@1: 93.478
Epoch: [107][0/23], lr: 0.00001	Time 4.419 (4.419)	Data 3.317 (3.317)	Loss 0.4303 (0.4303)	Prec@1 87.500 (87.500)
Test: [0/6]	Time 4.456 (4.456)	Loss 0.3661 (0.3661)	Prec@1 87.500 (87.500)
Testing Results: Prec@1 93.478 Loss 0.41933 
Best Prec@1: 93.478
Epoch: [108][0/23], lr: 0.00001	Time 4.546 (4.546)	Data 3.450 (3.450)	Loss 0.3608 (0.3608)	Prec@1 75.000 (75.000)
Test: [0/6]	Time 4.285 (4.285)	Loss 0.3750 (0.3750)	Prec@1 87.500 (87.500)
Testing Results: Prec@1 93.478 Loss 0.42524 
Best Prec@1: 93.478
Epoch: [109][0/23], lr: 0.00001	Time 4.790 (4.790)	Data 3.783 (3.783)	Loss 0.6208 (0.6208)	Prec@1 75.000 (75.000)
Test: [0/6]	Time 3.815 (3.815)	Loss 0.3796 (0.3796)	Prec@1 87.500 (87.500)
Testing Results: Prec@1 93.478 Loss 0.42902 
Best Prec@1: 93.478
Epoch: [110][0/23], lr: 0.00001	Time 4.496 (4.496)	Data 3.378 (3.378)	Loss 0.9245 (0.9245)	Prec@1 62.500 (62.500)
Test: [0/6]	Time 4.844 (4.844)	Loss 0.3763 (0.3763)	Prec@1 87.500 (87.500)
Testing Results: Prec@1 89.130 Loss 0.43966 
Best Prec@1: 93.478
Epoch: [111][0/23], lr: 0.00001	Time 4.239 (4.239)	Data 3.244 (3.244)	Loss 1.0012 (1.0012)	Prec@1 62.500 (62.500)
Test: [0/6]	Time 4.436 (4.436)	Loss 0.3574 (0.3574)	Prec@1 87.500 (87.500)
Testing Results: Prec@1 91.304 Loss 0.43624 
Best Prec@1: 93.478
Epoch: [112][0/23], lr: 0.00001	Time 4.566 (4.566)	Data 3.533 (3.533)	Loss 0.9036 (0.9036)	Prec@1 62.500 (62.500)
Test: [0/6]	Time 3.829 (3.829)	Loss 0.3393 (0.3393)	Prec@1 87.500 (87.500)
Testing Results: Prec@1 89.130 Loss 0.44648 
Best Prec@1: 93.478
Epoch: [113][0/23], lr: 0.00001	Time 4.622 (4.622)	Data 3.497 (3.497)	Loss 0.4834 (0.4834)	Prec@1 75.000 (75.000)
Test: [0/6]	Time 4.641 (4.641)	Loss 0.3634 (0.3634)	Prec@1 87.500 (87.500)
Testing Results: Prec@1 91.304 Loss 0.43922 
Best Prec@1: 93.478
Epoch: [114][0/23], lr: 0.00001	Time 4.756 (4.756)	Data 3.659 (3.659)	Loss 0.6197 (0.6197)	Prec@1 75.000 (75.000)
Test: [0/6]	Time 3.818 (3.818)	Loss 0.3663 (0.3663)	Prec@1 87.500 (87.500)
Testing Results: Prec@1 91.304 Loss 0.43470 
Best Prec@1: 93.478
Epoch: [115][0/23], lr: 0.00001	Time 4.530 (4.530)	Data 3.441 (3.441)	Loss 0.4207 (0.4207)	Prec@1 75.000 (75.000)
Test: [0/6]	Time 4.623 (4.623)	Loss 0.3803 (0.3803)	Prec@1 87.500 (87.500)
Testing Results: Prec@1 93.478 Loss 0.44346 
Best Prec@1: 93.478
Epoch: [116][0/23], lr: 0.00001	Time 5.055 (5.055)	Data 3.986 (3.986)	Loss 0.5621 (0.5621)	Prec@1 62.500 (62.500)
Test: [0/6]	Time 4.470 (4.470)	Loss 0.3723 (0.3723)	Prec@1 87.500 (87.500)
Testing Results: Prec@1 91.304 Loss 0.43241 
Best Prec@1: 93.478
Epoch: [117][0/23], lr: 0.00001	Time 4.595 (4.595)	Data 3.471 (3.471)	Loss 0.5930 (0.5930)	Prec@1 62.500 (62.500)
Test: [0/6]	Time 4.592 (4.592)	Loss 0.3458 (0.3458)	Prec@1 87.500 (87.500)
Testing Results: Prec@1 91.304 Loss 0.43301 
Best Prec@1: 93.478
Epoch: [118][0/23], lr: 0.00001	Time 5.034 (5.034)	Data 3.901 (3.901)	Loss 0.6883 (0.6883)	Prec@1 62.500 (62.500)
Test: [0/6]	Time 4.732 (4.732)	Loss 0.3737 (0.3737)	Prec@1 87.500 (87.500)
Testing Results: Prec@1 91.304 Loss 0.43773 
Best Prec@1: 93.478
Epoch: [119][0/23], lr: 0.00001	Time 4.804 (4.804)	Data 3.734 (3.734)	Loss 0.3921 (0.3921)	Prec@1 87.500 (87.500)
Test: [0/6]	Time 3.923 (3.923)	Loss 0.4118 (0.4118)	Prec@1 87.500 (87.500)
Testing Results: Prec@1 91.304 Loss 0.44185 
Best Prec@1: 93.478
